Angeie,1,12/09/2017 13:05
Faair,3,19/11/2013 20:18
Misnove,2,18/04/2013 20:25
JRyno,3,29/04/2013 19:42
SgtPepper,3,28/03/2014 00:53
TrassyLiv,3,18/03/2015 01:11
Winler,2,28/09/2017 05:25
Twile,3,10/03/2012 04:17
None,3,08/07/2012 09:22
Sanirl,3,26/08/2014 05:15
paigum,2,28/03/2015 06:22
Pead,2,01/03/2014 17:41
Felora,2,08/06/2016 23:52
Sugae,3,29/12/2012 07:04
Whiorm,2,04/09/2014 04:04
Yorist,3,26/07/2013 10:01
Colly,2,19/01/2013 20:47
Awauty,3,09/02/2015 23:29
Foxy,2,27/02/2018 13:31
Anakes,2,05/08/2013 14:26
zinderly,3,15/09/2012 20:10
mrer,3,25/09/2013 20:15
Daise,2,21/11/2013 00:55
Sille,2,31/08/2012 23:47
Dround,2,02/04/2013 06:50
