nUser,AAGA631005CTA,28/07/2011 07:29
Angeie,AAOC6707165W5,28/01/2012 13:26
Faair,AOCT760409D30,28/07/2011 07:29
Misnove,AUSN6409083P3,15/02/2005 03:20
JRyno,CAGJ680431787,28/06/2008 17:37
SgtPepper,CAMC840419KF7,22/11/2006 16:35
TrassyLiv,CASJ830601NS7,15/02/2007 00:47
Winler,CUDE700820P27,19/08/2011 13:15
Twile,DEBG700510MK3,27/03/2008 00:12
None,EISH580111FL9,16/08/2006 22:14
Sanirl,GOMO6005084U9,12/03/2012 09:13
paigum,GULB820902R5A,19/12/2007 09:26
Pead,LOLN720902VC3,25/07/2005 18:30
Felora,MAGE750817646,28/10/2008 23:57
Sugae,MAMX780102TN0,29/04/2009 13:43
Whiorm,MASL7408081R1,15/02/2005 12:39
Yorist,MOBP88120292A,24/12/2008 12:25
Colly,MOLE6009226I7,17/10/2008 02:12
Awauty,OAVM730208D52,11/10/2009 08:48
Foxy,PACA631101FA9,14/03/2007 17:05
Anakes,PASJ660308IE9,27/02/2011 11:31
zinderly,PEGF630518KC6,26/03/2010 13:15
mrer,PEGR620311G98,25/09/2011 14:15
Daise,RATL621008LC1,29/01/2008 05:59
Sille,PEGR620211G98,27/02/2009 02:32
